{"cameraMode":{"drawMode":0,"name":"Shaded","section":"Shading Mode"},"sceneLighting":false,"audioPlay":false,"sceneViewState":{"m_AlwaysRefresh":false,"showFog":true,"showSkybox":true,"showFlares":true,"showImageEffects":true,"showParticleSystems":true,"showVisualEffectGraphs":true,"m_FxEnabled":true},"in2DMode":false,"pivot":{"x":10.960051536560059,"y":3.9107589721679689,"z":-18.0028018951416},"rotation":{"x":-0.00034652327303774655,"y":-0.9988925457000732,"z":-0.00417770491912961,"w":0.046527713537216189},"size":0.8660253882408142,"orthographic":false}